Workbook

Sheet Inputs
A1: Line-Energy Solar Calculator | B1: v0.4.0-draft
A2: Input | B2: Value | C2: Unit | D2: Notes
A3: Inverter model | B3: SUN-8K-SG01LP1-EU | D3: Choose from dropdown
A4: Panel model | B4: JKM575N-72HL4-V | D4: Choose from dropdown
A5: Minimum ambient temperature | B5: -10 | C5: C | D5: Used for cold Voc check
A6: Maximum cell temperature | B6: 70 | C6: C | D6: Used for hot Vmp check
A7: Panels per string | B7: 8 | C7: pcs | D7: Series modules in one string
A8: Strings per MPPT | B8: 1 | C8: pcs | D8: Parallel strings on one tracker
A9: Design note | B9: Starter calculation only | D9: Verify datasheets before commercial use

Sheet Results
A1: Result | B1: Value | C1: Unit | D1: Formula / meaning
A2: Inverter model | B2: =Inputs!B3 | D2: From Inputs
A3: Panel model | B3: =Inputs!B4 | D3: From Inputs
A4: Panels per string | B4: =Inputs!B7 | C4: pcs | D4: From Inputs
A5: Strings per MPPT | B5: =Inputs!B8 | C5: pcs | D5: From Inputs
A6: Max PV voltage | B6: =INDEX(Inverters!G:G,MATCH(B2,Inverters!C:C,0)) | C6: V | D6: Inverter absolute PV voltage limit
A7: MPPT min voltage | B7: =INDEX(Inverters!I:I,MATCH(B2,Inverters!C:C,0)) | C7: V | D7: Inverter lower MPPT voltage
A8: MPPT max voltage | B8: =INDEX(Inverters!J:J,MATCH(B2,Inverters!C:C,0)) | C8: V | D8: Inverter upper MPPT voltage
A9: Max input current per MPPT | B9: =INDEX(Inverters!M:M,MATCH(B2,Inverters!C:C,0)) | C9: A | D9: Inverter current limit
A10: Panel Voc STC | B10: =INDEX(Panels!G:G,MATCH(B3,Panels!C:C,0)) | C10: V | D10: Open-circuit voltage at STC
A11: Panel Vmp STC | B11: =INDEX(Panels!E:E,MATCH(B3,Panels!C:C,0)) | C11: V | D11: Voltage at maximum power at STC
A12: Panel Imp STC | B12: =INDEX(Panels!F:F,MATCH(B3,Panels!C:C,0)) | C12: A | D12: Current at maximum power at STC
A13: Panel voltage temperature coefficient | B13: =INDEX(Panels!J:J,MATCH(B3,Panels!C:C,0)) | C13: %/C | D13: Preliminary voltage correction
A14: Cold Voc per panel | B14: =B10*(1+(B13/100)*(Inputs!B5-25)) | C14: V | D14: Voc at minimum temperature
A15: Hot Vmp per panel | B15: =B11*(1+(B13/100)*(Inputs!B6-25)) | C15: V | D15: Vmp at maximum cell temperature
A16: Cold string Voc | B16: =B14*B4 | C16: V | D16: Cold Voc per panel x panels per string
A17: Hot string Vmp | B17: =B15*B4 | C17: V | D17: Hot Vmp per panel x panels per string
A18: Minimum panels per string by MPPT | B18: =ROUNDUP(B7/B15,0) | C18: pcs | D18: Ceiling of MPPT min / hot Vmp per panel
A19: Maximum panels per string by MPPT | B19: =ROUNDDOWN(B8/B15,0) | C19: pcs | D19: Floor of MPPT max / hot Vmp per panel
A20: Maximum panels per string by PV voltage | B20: =ROUNDDOWN(B6/B14,0) | C20: pcs | D20: Floor of max PV voltage / cold Voc per panel
A21: Recommended panels per string range | B21: =B18&" - "&MIN(B19,B20) | C21: pcs | D21: Minimum to safest maximum
A22: MPPT operating check | B22: =IF(AND(B17>=B7,B17<=B8),"PASS","FAIL") | D22: Hot Vmp must stay inside MPPT window
A23: Max voltage check | B23: =IF(B16<B6,"PASS","FAIL") | D23: Cold Voc must stay below max PV voltage
A24: Current check | B24: =IF(B12*B5<=B9,"PASS","FAIL") | D24: Parallel string current must stay below MPPT current
A25: Overall preliminary status | B25: =IF(AND(B22="PASS",B23="PASS",B24="PASS"),"PASS","FAIL") | D25: All checks must pass

Sheet Inverters
A1: brand | B1: series | C1: model | D1: phase | E1: nominal_ac_power_w | F1: max_pv_input_power_w | G1: max_pv_voltage_v | H1: startup_voltage_v | I1: mppt_voltage_min_v | J1: mppt_voltage_max_v | K1: mppt_count | L1: strings_per_mppt | M1: max_input_current_per_mppt_a | N1: max_short_circuit_current_per_mppt_a | O1: battery_nominal_voltage_v | P1: battery_voltage_range_v | Q1: data_status | R1: notes
A2: Deye | B2: Hybrid LV 24V | C2: SUN-3K-SG04LP1-24-EU | D2: single-phase | E2: 3000 | O2: 24 | Q2: model_only_needs_datasheet | R2: Model list provided by user; datasheet parameters pending.
A3: Deye | B3: Hybrid LV | C3: SUN-3K-SG04LP1-EU | D3: single-phase | E3: 3000 | O3: 48 | Q3: model_only_needs_datasheet | R3: Model list provided by user; datasheet parameters pending.
A4: Deye | B4: Hybrid LV | C4: SUN-3.6K-SG05LP1-EU-AM2-P | D4: single-phase | E4: 3600 | O4: 48 | Q4: model_only_needs_datasheet | R4: Model list provided by user; datasheet parameters pending.
A5: Deye | B5: Hybrid LV | C5: SUN-5K-SG05LP1-EU-AM2-P | D5: single-phase | E5: 5000 | O5: 48 | Q5: model_only_needs_datasheet | R5: Model list provided by user; datasheet parameters pending.
A6: Deye | B6: Hybrid LV | C6: SUN-6K-SG05LP1-EU-AM2-P | D6: single-phase | E6: 6000 | O6: 48 | Q6: model_only_needs_datasheet | R6: Model list provided by user; datasheet parameters pending.
A7: Deye | B7: Hybrid LV | C7: SUN-8K-SG05LP1-EU-AM2-P | D7: single-phase | E7: 8000 | O7: 48 | Q7: model_only_needs_datasheet | R7: Model list provided by user; datasheet parameters pending.
A8: Deye | B8: Hybrid LV | C8: SUN-10K-SG02LP1-EU-AM3-P | D8: single-phase | E8: 10000 | O8: 48 | Q8: model_only_needs_datasheet | R8: Model list provided by user; datasheet parameters pending.
A9: Deye | B9: Hybrid LV | C9: SUN-12K-SG02LP1-EU-AM3-P | D9: single-phase | E9: 12000 | O9: 48 | Q9: model_only_needs_datasheet | R9: Model list provided by user; datasheet parameters pending.
A10: Deye | B10: Hybrid LV | C10: SUN-14K-SG01LP1-EU-AM3-P | D10: single-phase | E10: 14000 | O10: 48 | Q10: model_only_needs_datasheet | R10: Model list provided by user; datasheet parameters pending.
A11: Deye | B11: Hybrid LV | C11: SUN-16K-SG01LP1-EU-AM3-P | D11: single-phase | E11: 16000 | O11: 48 | Q11: model_only_needs_datasheet | R11: Model list provided by user; datasheet parameters pending.
A12: Deye | B12: Hybrid LV | C12: SUN-18K-SG01LP1-EU-AM3-P | D12: single-phase | E12: 18000 | O12: 48 | Q12: model_only_needs_datasheet | R12: Model list provided by user; datasheet parameters pending.
A13: Deye | B13: Hybrid LV 3P | C13: SUN-5K-SG05LP3-EU-SM2 | D13: three-phase | E13: 5000 | O13: 48 | Q13: model_only_needs_datasheet | R13: Model list provided by user; datasheet parameters pending.
... A22: Deye | B22: Hybrid LV 3P | C22: SUN-20K-SG05LP3-EU-SM2 | D22: three-phase | E22: 20000 | O22: 48 | Q22: model_only_needs_datasheet | R22: Model list provided by user; datasheet parameters pending.
A23: Deye | B23: Hybrid HV 3P | C23: SUN-10K-SG01HP3-EU-AM2 | D23: three-phase | E23: 10000 | Q23: model_only_needs_datasheet | R23: Model list provided by user; datasheet parameters pending.
A24: Deye | B24: Hybrid HV 3P | C24: SUN-12K-SG01HP3-EU-AM2 | D24: three-phase | E24: 12000 | Q24: model_only_needs_datasheet | R24: Model list provided by user; datasheet parameters pending.
A25: Deye | B25: Hybrid HV 3P | C25: SUN-15K-SG01HP3-EU-AM2 | D25: three-phase | E25: 15000 | Q25: model_only_needs_datasheet | R25: Model list provided by user; datasheet parameters pending.
A26: Deye | B26: Hybrid HV 3P | C26: SUN-20K-SG01HP3-EU-AM2 | D26: three-phase | E26: 20000 | Q26: model_only_needs_datasheet | R26: Model list provided by user; datasheet parameters pending.
A27: Deye | B27: Hybrid HV 3P | C27: SUN-25K-SG01HP3-EU-AM2 | D27: three-phase | E27: 25000 | Q27: model_only_needs_datasheet | R27: Model list provided by user; datasheet parameters pending.
A28: Deye | B28: Hybrid HV 3P | C28: SUN-30K-SG02HP3-EU-AM3 | D28: three-phase | E28: 30000 | Q28: model_only_needs_datasheet | R28: Model list provided by user; datasheet parameters pending.
A29: Deye | B29: Hybrid HV 3P | C29: SUN-40K-SG01HP3-EU-BM4 | D29: three-phase | E29: 40000 | Q29: model_only_needs_datasheet | R29: Model list provided by user; datasheet parameters pending.
A30: Deye | B30: Hybrid HV 3P | C30: SUN-50K-SG01HP3-EU-BM4 | D30: three-phase | E30: 50000 | Q30: model_only_needs_datasheet | R30: Model list provided by user; datasheet parameters pending.
A31: Deye | B31: Hybrid HV 3P | C31: SUN-60K-SG02HP3-EU-EM6 | D31: three-phase | E31: 60000 | Q31: model_only_needs_datasheet | R31: Model list provided by user; datasheet parameters pending.
A32: Deye | B32: Hybrid HV 3P | C32: SUN-70K-SG02HP3-EU-EM6 | D32: three-phase | E32: 70000 | Q32: model_only_needs_datasheet | R32: Model list provided by user; datasheet parameters pending.
A33: Deye | B33: Hybrid HV 3P | C33: SUN-75K-SG02HP3-EU-EM6 | D33: three-phase | E33: 75000 | Q33: model_only_needs_datasheet | R33: Model list provided by user; datasheet parameters pending.
A34: Deye | B34: Hybrid HV 3P | C34: SUN-80K-SG02HP3-EU-EM6 | D34: three-phase | E34: 80000 | Q34: model_only_needs_datasheet | R34: Model list provided by user; datasheet parameters pending.
... A79: Deye | B79: Grid 3P | C79: SUN-136K-G01P3-EU-AM8 | D79: three-phase | E79: 136000 | Q79: model_only_needs_datasheet | R79: Model list provided by user; datasheet parameters pending.
A80: Deye | B80: LV Hybrid | C80: SUN-3.6K-SG03LP1-EU | D80: single-phase | E80: 3600 | F80: 4680 | G80: 500 | H80: 150 | I80: 125 | J80: 425 | K80: 2 | L80: 1+1 | M80: 13 | N80: 17 | O80: 48 | P80: 40-60 | Q80: seed_verify_datasheet | R80: Starter record for low-voltage hybrid inverter calculations.
A81: Deye | B81: LV Hybrid | C81: SUN-5K-SG03LP1-EU | D81: single-phase | E81: 5000 | F81: 6500 | G81: 500 | H81: 150 | I81: 125 | J81: 425 | K81: 2 | L81: 1+1 | M81: 13 | N81: 17 | O81: 48 | P81: 40-60 | Q81: seed_verify_datasheet | R81: Starter record for low-voltage hybrid inverter calculations.
A82: Deye | B82: LV Hybrid | C82: SUN-6K-SG03LP1-EU | D82: single-phase | E82: 6000 | F82: 7800 | G82: 500 | H82: 150 | I82: 125 | J82: 425 | K82: 2 | L82: 1+1 | M82: 13 | N82: 17 | O82: 48 | P82: 40-60 | Q82: seed_verify_datasheet | R82: Starter record for low-voltage hybrid inverter calculations.
A83: Deye | B83: LV Hybrid | C83: SUN-8K-SG01LP1-EU | D83: single-phase | E83: 8000 | F83: 10400 | G83: 500 | H83: 150 | I83: 125 | J83: 425 | K83: 2 | L83: 2+2 | M83: 26 | N83: 34 | O83: 48 | P83: 40-60 | Q83: seed_verify_datasheet | R83: Starter record; verify exact PV current and string inputs for selected market version.

Sheet Panels
A1: brand | B1: series | C1: model | D1: power_stc_w | E1: vmp_stc_v | F1: imp_stc_a | G1: voc_stc_v | H1: isc_stc_a | I1: temp_coeff_pmax_pct_c | J1: temp_coeff_voc_pct_c | K1: temp_coeff_isc_pct_c | L1: module_length_mm | M1: module_width_mm | N1: module_depth_mm | O1: data_status | P1: notes
A2: Jinko | B2: Tiger Neo N-type 72HL4 | C2: JKM565N-72HL4-V | D2: 565 | E2: 43.28 | F2: 13.06 | G2: 51.7 | H2: 13.86 | I2: -0.29 | J2: -0.25 | K2: 0.045 | L2: 2278 | M2: 1134 | N2: 30 | O2: seed_verify_datasheet | P2: Starter record for string sizing tests.
A3: Jinko | B3: Tiger Neo N-type 72HL4 | C3: JKM570N-72HL4-V | D3: 570 | E3: 43.52 | F3: 13.1 | G3: 51.89 | H3: 13.89 | I3: -0.29 | J3: -0.25 | K3: 0.045 | L3: 2278 | M3: 1134 | N3: 30 | O3: seed_verify_datasheet | P3: Starter record for string sizing tests.
A4: Jinko | B4: Tiger Neo N-type 72HL4 | C4: JKM575N-72HL4-V | D4: 575 | E4: 43.76 | F4: 13.14 | G4: 52.08 | H4: 13.92 | I4: -0.29 | J4: -0.25 | K4: 0.045 | L4: 2278 | M4: 1134 | N4: 30 | O4: seed_verify_datasheet | P4: Starter record for string sizing tests.
A5: Jinko | B5: Tiger Neo N-type 72HL4 | C5: JKM580N-72HL4-V | D5: 580 | E5: 43.99 | F5: 13.19 | G5: 52.27 | H5: 13.96 | I5: -0.29 | J5: -0.25 | K5: 0.045 | L5: 2278 | M5: 1134 | N5: 30 | O5: seed_verify_datasheet | P5: Starter record for string sizing tests.
A6: Jinko | B6: Tiger Neo N-type 72HL4 | C6: JKM585N-72HL4-V | D6: 585 | E6: 44.23 | F6: 13.23 | G6: 52.46 | H6: 14 | I6: -0.29 | J6: -0.25 | K6: 0.045 | L6: 2278 | M6: 1134 | N6: 30 | O6: seed_verify_datasheet | P6: Starter record for string sizing tests.
A7: LONGi | B7: Hi-MO 6 | C7: LR5-72HTH-565M | D7: 565 | E7: 42.94 | F7: 13.16 | G7: 51.21 | H7: 14.01 | I7: -0.29 | J7: -0.23 | K7: 0.05 | L7: 2278 | M7: 1134 | N7: 35 | O7: seed_verify_datasheet | P7: Starter record for string sizing tests.
A8: LONGi | B8: Hi-MO 6 | C8: LR5-72HTH-570M | D8: 570 | E8: 43.13 | F8: 13.22 | G8: 51.4 | H8: 14.07 | I8: -0.29 | J8: -0.23 | K8: 0.05 | L8: 2278 | M8: 1134 | N8: 35 | O8: seed_verify_datasheet | P8: Starter record for string sizing tests.
A9: LONGi | B9: Hi-MO 6 | C9: LR5-72HTH-575M | D9: 575 | E9: 43.32 | F9: 13.28 | G9: 51.59 | H9: 14.14 | I9: -0.29 | J9: -0.23 | K9: 0.05 | L9: 2278 | M9: 1134 | N9: 35 | O9: seed_verify_datasheet | P9: Starter record for string sizing tests.
A10: LONGi | B10: Hi-MO 6 | C10: LR5-72HTH-580M | D10: 580 | E10: 43.51 | F10: 13.34 | G10: 51.78 | H10: 14.2 | I10: -0.29 | J10: -0.23 | K10: 0.05 | L10: 2278 | M10: 1134 | N10: 35 | O10: seed_verify_datasheet | P10: Starter record for string sizing tests.
A11: LONGi | B11: Hi-MO 6 | C11: LR5-72HTH-585M | D11: 585 | E11: 43.7 | F11: 13.39 | G11: 51.97 | H11: 14.26 | I11: -0.29 | J11: -0.23 | K11: 0.05 | L11: 2278 | M11: 1134 | N11: 35 | O11: seed_verify_datasheet | P11: Starter record for string sizing tests.
