Workbook

Sheet Summary
A1: Line-Energy Solar Designer | B1: v0.11.0-draft
A2: Item | B2: Value | C2: Unit | D2: Status / Note
A3: Overall compatibility | B3: =Compatibility!B8 | D3: PASS / FAIL / VERIFY
A4: PV electrical status | B4: =Results!B25 | D4: From Results
A5: Battery status | B5: =Compatibility!B6 | D5: From Compatibility
A6: Datasheet completeness | B6: =Compatibility!B7 | D6: From Compatibility
A7: Inverter | B7: =Inputs!B3 | D7: Selected model
A8: Panel | B8: =Inputs!B4 | D8: Selected model
A9: Battery | B9: =Inputs!B9 | D9: Selected model
A10: Panels per string | B10: =Inputs!B7 | C10: pcs | D10: Selected value
A11: Recommended string range | B11: =Results!B21 | C11: pcs | D11: Calculated range
A12: Battery total energy | B12: =Results!B29 | C12: kWh | D12: Nominal energy
A13: Roof type | B13: =Inputs!B11 | D13: Selected roof
A14: Total panels | B14: =Inputs!B12 | C14: pcs | D14: Mounting input
A15: Rows | B15: =Mounting!B5 | C15: rows | D15: Mounting calculation
A16: Rails | B16: =Mounting!B13 | C16: pcs | D16: Mounting calculation
A17: End clamps | B17: =Mounting!B15 | C17: pcs | D17: Mounting calculation
A18: Middle clamps | B18: =Mounting!B16 | C18: pcs | D18: Mounting calculation
A19: Grounding clips | B19: =Mounting!B18 | C19: pcs | D19: Mounting calculation
A20: Cable clips | B20: =Mounting!B19 | C20: pcs | D20: Mounting calculation
A21: Equipment list items | B21: =COUNTA(Equipment!A2:A35) | C21: items | D21: Generated equipment output
A22: Protection items | B22: =COUNTA(CableProtection!A2:A32) | C22: items | D22: Generated protection output
A23: DC cable section | B23: =CableProtection!B15 | C23: mm2 | D23: Starter sizing
A24: AC cable section | B24: =CableProtection!B19 | C24: mm2 | D24: Starter sizing
A25: Battery cable section | B25: =CableProtection!B24 | C25: mm2 | D25: Starter sizing
A26: SPD recommendation | B26: =CableProtection!B28 | D26: Starter protection selection
A27: Earthing system | B27: =CableProtection!B29 | D27: Selected AC earthing system
A28: Cable derating factor | B28: =CableProtection!B30 | C28: factor | D28: Grouping x ambient factors

Sheet Inputs
A1: Line-Energy Solar Calculator | B1: v0.11.0-draft
A2: Input | B2: Value | C2: Unit | D2: Notes
A3: Inverter model | B3: SUN-8K-SG01LP1-EU | D3: Choose from dropdown
A4: Panel model | B4: JKM575N-72HL4-V | D4: Choose from dropdown
A5: Minimum ambient temperature | B5: -10 | C5: C | D5: Used for cold Voc check
A6: Maximum cell temperature | B6: 70 | C6: C | D6: Used for hot Vmp check
A7: Panels per string | B7: 8 | C7: pcs | D7: Series modules in one string
A8: Strings per MPPT | B8: 1 | C8: pcs | D8: Parallel strings on one tracker
A9: Battery model | B9: US5000 | D9: Choose from dropdown
A10: Battery quantity | B10: 2 | C10: pcs | D10: Used for total battery capacity
A11: Roof type | B11: Metal tile | D11: Choose from dropdown
A12: Total panels | B12: 16 | C12: pcs | D12: Used for mounting quantity calculation
A13: Panels per row | B13: 8 | C13: pcs | D13: Used for row and clamp calculation
A14: Rail stock length | B14: 4.2 | C14: m | D14: Used for rail connector estimate
A15: Rail length per panel | B15: 1.15 | C15: m | D15: Starter assumption; adjust by panel orientation
A16: Mounting reserve | B16: 10 | C16: % | D16: Extra quantity reserve
A17: DC cable route length | B17: 30 | C17: m | D17: One-way route length estimate
A18: AC cable route length | B18: 20 | C18: m | D18: One-way route length estimate
A19: Grounding cable route length | B19: 25 | C19: m | D19: Grounding route length estimate
A20: Installation method | B20: Open air | D20: Used for cable derating notes
A21: Cable grouping derating | B21: 1 | C21: factor | D21: Starter factor; adjust by local rules
A22: Ambient temperature derating | B22: 1 | C22: factor | D22: Starter factor; adjust by local rules
A23: Lightning protection system | B23: No external LPS | D23: Used for SPD type suggestion
A24: AC earthing system | B24: TN-S | D24: Used for earthing checklist
A25: Design note | B25: Starter calculation only | D25: Verify datasheets and mounting manuals before commercial use

Sheet Results
A1: Result | B1: Value | C1: Unit | D1: Formula / meaning
A2: Inverter model | B2: =Inputs!B3 | D2: From Inputs
A3: Panel model | B3: =Inputs!B4 | D3: From Inputs
A4: Panels per string | B4: =Inputs!B7 | C4: pcs | D4: From Inputs
A5: Strings per MPPT | B5: =Inputs!B8 | C5: pcs | D5: From Inputs
A6: Max PV voltage | B6: =INDEX(Inverters!G:G,MATCH(B2,Inverters!C:C,0)) | C6: V | D6: Inverter absolute PV voltage limit
A7: MPPT min voltage | B7: =INDEX(Inverters!I:I,MATCH(B2,Inverters!C:C,0)) | C7: V | D7: Inverter lower MPPT voltage
A8: MPPT max voltage | B8: =INDEX(Inverters!J:J,MATCH(B2,Inverters!C:C,0)) | C8: V | D8: Inverter upper MPPT voltage
A9: Max input current per MPPT | B9: =INDEX(Inverters!M:M,MATCH(B2,Inverters!C:C,0)) | C9: A | D9: Inverter current limit
A10: Panel Voc STC | B10: =INDEX(Panels!G:G,MATCH(B3,Panels!C:C,0)) | C10: V | D10: Open-circuit voltage at STC
A11: Panel Vmp STC | B11: =INDEX(Panels!E:E,MATCH(B3,Panels!C:C,0)) | C11: V | D11: Voltage at maximum power at STC
A12: Panel Imp STC | B12: =INDEX(Panels!F:F,MATCH(B3,Panels!C:C,0)) | C12: A | D12: Current at maximum power at STC
A13: Panel voltage temperature coefficient | B13: =INDEX(Panels!J:J,MATCH(B3,Panels!C:C,0)) | C13: %/C | D13: Preliminary voltage correction
A14: Cold Voc per panel | B14: =B10*(1+(B13/100)*(Inputs!B5-25)) | C14: V | D14: Voc at minimum temperature
A15: Hot Vmp per panel | B15: =B11*(1+(B13/100)*(Inputs!B6-25)) | C15: V | D15: Vmp at maximum cell temperature
A16: Cold string Voc | B16: =B14*B4 | C16: V | D16: Cold Voc per panel x panels per string
A17: Hot string Vmp | B17: =B15*B4 | C17: V | D17: Hot Vmp per panel x panels per string
A18: Minimum panels per string by MPPT | B18: =ROUNDUP(B7/B15,0) | C18: pcs | D18: Ceiling of MPPT min / hot Vmp per panel
A19: Maximum panels per string by MPPT | B19: =ROUNDDOWN(B8/B15,0) | C19: pcs | D19: Floor of MPPT max / hot Vmp per panel
A20: Maximum panels per string by PV voltage | B20: =ROUNDDOWN(B6/B14,0) | C20: pcs | D20: Floor of max PV voltage / cold Voc per panel
A21: Recommended panels per string range | B21: =B18&" - "&MIN(B19,B20) | C21: pcs | D21: Minimum to safest maximum
A22: MPPT operating check | B22: =IF(AND(B17>=B7,B17<=B8),"PASS","FAIL") | D22: Hot Vmp must stay inside MPPT window
A23: Max voltage check | B23: =IF(B16<B6,"PASS","FAIL") | D23: Cold Voc must stay below max PV voltage
A24: Current check | B24: =IF(B12*B5<=B9,"PASS","FAIL") | D24: Parallel string current must stay below MPPT current
A25: Overall preliminary status | B25: =IF(AND(B22="PASS",B23="PASS",B24="PASS"),"PASS","FAIL") | D25: All checks must pass
A26: Battery model | B26: =Inputs!B9 | D26: From Inputs
A27: Battery quantity | B27: =Inputs!B10 | C27: pcs | D27: From Inputs
A28: Battery nominal energy | B28: =INDEX(Batteries!E:E,MATCH(B26,Batteries!C:C,0)) | C28: kWh | D28: From Batteries database
A29: Total nominal battery energy | B29: =B27*B28 | C29: kWh | D29: Battery energy x quantity
A30: Battery compatibility note | B30: =INDEX(Batteries!M:M,MATCH(B26,Batteries!C:C,0)) | D30: From Batteries database

Sheet Inverters
A1: brand | B1: series | C1: model | D1: phase | E1: nominal_ac_power_w | F1: max_pv_input_power_w | G1: max_pv_voltage_v | H1: startup_voltage_v | I1: mppt_voltage_min_v | J1: mppt_voltage_max_v | K1: mppt_count | L1: strings_per_mppt | M1: max_input_current_per_mppt_a | N1: max_short_circuit_current_per_mppt_a | O1: battery_nominal_voltage_v | P1: battery_voltage_range_v | Q1: data_status | R1: notes
A2: Anenji | B2: Hybrid | C2: ANJ-3.2KW-24V | D2: single-phase | E2: 3200 | O2: 24 | Q2: model_only_needs_datasheet | R2: Hybrid inverter model candidate; datasheet parameters pending.
A3: Anenji | B3: Hybrid | C3: ANJ-3.6KW-24V | D3: single-phase | E3: 3600 | O3: 24 | Q3: model_only_needs_datasheet | R3: Hybrid inverter model candidate; datasheet parameters pending.
A4: Anenji | B4: Hybrid | C4: ANJ-4.2KW-24V | D4: single-phase | E4: 4200 | O4: 24 | Q4: model_only_needs_datasheet | R4: Hybrid inverter model candidate; datasheet parameters pending.
A5: Anenji | B5: Hybrid | C5: ANJ-6.2KW-48V | D5: single-phase | E5: 6200 | O5: 48 | Q5: model_only_needs_datasheet | R5: Hybrid inverter model candidate; datasheet parameters pending.
A6: Anenji | B6: Hybrid | C6: ANJ-8.2KW-48V | D6: single-phase | E6: 8200 | O6: 48 | Q6: model_only_needs_datasheet | R6: Hybrid inverter model candidate; datasheet parameters pending.
A7: Anenji | B7: Hybrid | C7: ANJ-10.2KW-48V | D7: single-phase | E7: 10200 | O7: 48 | Q7: model_only_needs_datasheet | R7: Hybrid inverter model candidate; datasheet parameters pending.
A8: Anenji | B8: Hybrid | C8: ANJ-11KW-48V | D8: single-phase | E8: 11000 | O8: 48 | Q8: model_only_needs_datasheet | R8: Hybrid inverter model candidate; datasheet parameters pending.
A9: Anenji | B9: Hybrid | C9: ANJ-12KW-48V | D9: single-phase | E9: 12000 | O9: 48 | Q9: model_only_needs_datasheet | R9: Hybrid inverter model candidate; datasheet parameters pending.
A10: Deye | B10: Hybrid LV 24V | C10: SUN-3K-SG04LP1-24-EU | D10: single-phase | E10: 3000 | O10: 24 | Q10: model_only_needs_datasheet | R10: Model list provided by user; datasheet parameters pending.
A11: Deye | B11: Hybrid LV | C11: SUN-3K-SG04LP1-EU | D11: single-phase | E11: 3000 | O11: 48 | Q11: model_only_needs_datasheet | R11: Model list provided by user; datasheet parameters pending.
A12: Deye | B12: Hybrid LV | C12: SUN-3.6K-SG05LP1-EU-AM2-P | D12: single-phase | E12: 3600 | O12: 48 | Q12: model_only_needs_datasheet | R12: Model list provided by user; datasheet parameters pending.
A13: Deye | B13: Hybrid LV | C13: SUN-5K-SG05LP1-EU-AM2-P | D13: single-phase | E13: 5000 | O13: 48 | Q13: model_only_needs_datasheet | R13: Model list provided by user; datasheet parameters pending.
... A30: Deye | B30: Hybrid LV 3P | C30: SUN-20K-SG05LP3-EU-SM2 | D30: three-phase | E30: 20000 | O30: 48 | Q30: model_only_needs_datasheet | R30: Model list provided by user; datasheet parameters pending.
A31: Deye | B31: Hybrid HV 3P | C31: SUN-10K-SG01HP3-EU-AM2 | D31: three-phase | E31: 10000 | Q31: model_only_needs_datasheet | R31: Model list provided by user; datasheet parameters pending.
A32: Deye | B32: Hybrid HV 3P | C32: SUN-12K-SG01HP3-EU-AM2 | D32: three-phase | E32: 12000 | Q32: model_only_needs_datasheet | R32: Model list provided by user; datasheet parameters pending.
A33: Deye | B33: Hybrid HV 3P | C33: SUN-15K-SG01HP3-EU-AM2 | D33: three-phase | E33: 15000 | Q33: model_only_needs_datasheet | R33: Model list provided by user; datasheet parameters pending.
A34: Deye | B34: Hybrid HV 3P | C34: SUN-20K-SG01HP3-EU-AM2 | D34: three-phase | E34: 20000 | Q34: model_only_needs_datasheet | R34: Model list provided by user; datasheet parameters pending.
A35: Deye | B35: Hybrid HV 3P | C35: SUN-25K-SG01HP3-EU-AM2 | D35: three-phase | E35: 25000 | Q35: model_only_needs_datasheet | R35: Model list provided by user; datasheet parameters pending.
A36: Deye | B36: Hybrid HV 3P | C36: SUN-30K-SG02HP3-EU-AM3 | D36: three-phase | E36: 30000 | Q36: model_only_needs_datasheet | R36: Model list provided by user; datasheet parameters pending.
A37: Deye | B37: Hybrid HV 3P | C37: SUN-40K-SG01HP3-EU-BM4 | D37: three-phase | E37: 40000 | Q37: model_only_needs_datasheet | R37: Model list provided by user; datasheet parameters pending.
A38: Deye | B38: Hybrid HV 3P | C38: SUN-50K-SG01HP3-EU-BM4 | D38: three-phase | E38: 50000 | Q38: model_only_needs_datasheet | R38: Model list provided by user; datasheet parameters pending.
A39: Deye | B39: Hybrid HV 3P | C39: SUN-60K-SG02HP3-EU-EM6 | D39: three-phase | E39: 60000 | Q39: model_only_needs_datasheet | R39: Model list provided by user; datasheet parameters pending.
A40: Deye | B40: Hybrid HV 3P | C40: SUN-70K-SG02HP3-EU-EM6 | D40: three-phase | E40: 70000 | Q40: model_only_needs_datasheet | R40: Model list provided by user; datasheet parameters pending.
A41: Deye | B41: Hybrid HV 3P | C41: SUN-75K-SG02HP3-EU-EM6 | D41: three-phase | E41: 75000 | Q41: model_only_needs_datasheet | R41: Model list provided by user; datasheet parameters pending.
A42: Deye | B42: Hybrid HV 3P | C42: SUN-80K-SG02HP3-EU-EM6 | D42: three-phase | E42: 80000 | Q42: model_only_needs_datasheet | R42: Model list provided by user; datasheet parameters pending.
... A87: Deye | B87: Grid 3P | C87: SUN-136K-G01P3-EU-AM8 | D87: three-phase | E87: 136000 | Q87: model_only_needs_datasheet | R87: Model list provided by user; datasheet parameters pending.
A88: Deye | B88: LV Hybrid | C88: SUN-3.6K-SG03LP1-EU | D88: single-phase | E88: 3600 | F88: 4680 | G88: 500 | H88: 150 | I88: 125 | J88: 425 | K88: 2 | L88: 1+1 | M88: 13 | N88: 17 | O88: 48 | P88: 40-60 | Q88: seed_verify_datasheet | R88: Starter record for low-voltage hybrid inverter calculations.
A89: Deye | B89: LV Hybrid | C89: SUN-5K-SG03LP1-EU | D89: single-phase | E89: 5000 | F89: 6500 | G89: 500 | H89: 150 | I89: 125 | J89: 425 | K89: 2 | L89: 1+1 | M89: 13 | N89: 17 | O89: 48 | P89: 40-60 | Q89: seed_verify_datasheet | R89: Starter record for low-voltage hybrid inverter calculations.
A90: Deye | B90: LV Hybrid | C90: SUN-6K-SG03LP1-EU | D90: single-phase | E90: 6000 | F90: 7800 | G90: 500 | H90: 150 | I90: 125 | J90: 425 | K90: 2 | L90: 1+1 | M90: 13 | N90: 17 | O90: 48 | P90: 40-60 | Q90: seed_verify_datasheet | R90: Starter record for low-voltage hybrid inverter calculations.
A91: Deye | B91: LV Hybrid | C91: SUN-8K-SG01LP1-EU | D91: single-phase | E91: 8000 | F91: 10400 | G91: 500 | H91: 150 | I91: 125 | J91: 425 | K91: 2 | L91: 2+2 | M91: 26 | N91: 34 | O91: 48 | P91: 40-60 | Q91: seed_verify_datasheet | R91: Starter record; verify exact PV current and string inputs for selected market version.
A92: Growatt | B92: SPH TL BL-UP | C92: SPH 3000TL BL-UP | D92: single-phase | E92: 3000 | Q92: model_only_needs_datasheet | R92: Hybrid/storage inverter model candidate; datasheet parameters pending.
A93: Growatt | B93: SPH TL BL-UP | C93: SPH 3600TL BL-UP | D93: single-phase | E93: 3600 | Q93: model_only_needs_datasheet | R93: Hybrid/storage inverter model candidate; datasheet parameters pending.
A94: Growatt | B94: SPH TL BL-UP | C94: SPH 4000TL BL-UP | D94: single-phase | E94: 4000 | Q94: model_only_needs_datasheet | R94: Hybrid/storage inverter model candidate; datasheet parameters pending.
A95: Growatt | B95: SPH TL BL-UP | C95: SPH 4600TL BL-UP | D95: single-phase | E95: 4600 | Q95: model_only_needs_datasheet | R95: Hybrid/storage inverter model candidate; datasheet parameters pending.
A96: Growatt | B96: SPH TL BL-UP | C96: SPH 5000TL BL-UP | D96: single-phase | E96: 5000 | Q96: model_only_needs_datasheet | R96: Hybrid/storage inverter model candidate; datasheet parameters pending.
A97: Growatt | B97: SPH TL BL-UP | C97: SPH 6000TL BL-UP | D97: single-phase | E97: 6000 | Q97: model_only_needs_datasheet | R97: Hybrid/storage inverter model candidate; datasheet parameters pending.
A98: Growatt | B98: SPH TL3 BH-UP | C98: SPH 4000TL3 BH-UP | D98: three-phase | E98: 4000 | Q98: model_only_needs_datasheet | R98: Hybrid/storage inverter model candidate; datasheet parameters pending.
A99: Growatt | B99: SPH TL3 BH-UP | C99: SPH 5000TL3 BH-UP | D99: three-phase | E99: 5000 | Q99: model_only_needs_datasheet | R99: Hybrid/storage inverter model candidate; datasheet parameters pending.
A100: Growatt | B100: SPH TL3 BH-UP | C100: SPH 6000TL3 BH-UP | D100: three-phase | E100: 6000 | Q100: model_only_needs_datasheet | R100: Hybrid/storage inverter model candidate; datasheet parameters pending.
A101: Growatt | B101: SPH TL3 BH-UP | C101: SPH 7000TL3 BH-UP | D101: three-phase | E101: 7000 | Q101: model_only_needs_datasheet | R101: Hybrid/storage inverter model candidate; datasheet parameters pending.
A102: Growatt | B102: SPH TL3 BH-UP | C102: SPH 8000TL3 BH-UP | D102: three-phase | E102: 8000 | Q102: model_only_needs_datasheet | R102: Hybrid/storage inverter model candidate; datasheet parameters pending.
A103: Growatt | B103: SPH TL3 BH-UP | C103: SPH 10000TL3 BH-UP | D103: three-phase | E103: 10000 | Q103: model_only_needs_datasheet | R103: Hybrid/storage inverter model candidate; datasheet parameters pending.
... A126: Growatt | B126: WIT TL3-A-LV | C126: WIT 100KTL3-A-LV | D126: three-phase | E126: 100000 | Q126: model_only_needs_datasheet | R126: Commercial hybrid/storage inverter model candidate; datasheet parameters pending.
A127: MUST | B127: PV1800 VHM | C127: PV1800 VHM-2KW-24V | D127: single-phase | E127: 2000 | O127: 24 | Q127: model_only_needs_datasheet | R127: Hybrid inverter model candidate; datasheet parameters pending.
A128: MUST | B128: PV1800 VHM | C128: PV1800 VHM-3KW-24V | D128: single-phase | E128: 3000 | O128: 24 | Q128: model_only_needs_datasheet | R128: Hybrid inverter model candidate; datasheet parameters pending.
A129: MUST | B129: PV1800 VHM | C129: PV1800 VHM-4KW-48V | D129: single-phase | E129: 4000 | O129: 48 | Q129: model_only_needs_datasheet | R129: Hybrid inverter model candidate; datasheet parameters pending.
A130: MUST | B130: PV1800 VHM | C130: PV1800 VHM-5KW-48V | D130: single-phase | E130: 5000 | O130: 48 | Q130: model_only_needs_datasheet | R130: Hybrid inverter model candidate; datasheet parameters pending.
A131: MUST | B131: PV1800 PRO | C131: PV1800 PRO-3KW-24V | D131: single-phase | E131: 3000 | O131: 24 | Q131: model_only_needs_datasheet | R131: Hybrid inverter model candidate; datasheet parameters pending.
A132: MUST | B132: PV1800 PRO | C132: PV1800 PRO-5.2KW-48V | D132: single-phase | E132: 5200 | O132: 48 | Q132: model_only_needs_datasheet | R132: Hybrid inverter model candidate; datasheet parameters pending.
A133: MUST | B133: PV1800 PRO | C133: PV1800 PRO-6.2KW-48V | D133: single-phase | E133: 6200 | O133: 48 | Q133: model_only_needs_datasheet | R133: Hybrid inverter model candidate; datasheet parameters pending.
A134: MUST | B134: PV18 VPM | C134: PV18-3024 VPM | D134: single-phase | E134: 3000 | O134: 24 | Q134: model_only_needs_datasheet | R134: Hybrid inverter model candidate; datasheet parameters pending.
A135: MUST | B135: PV18 VPM | C135: PV18-5048 VPM | D135: single-phase | E135: 5000 | O135: 48 | Q135: model_only_needs_datasheet | R135: Hybrid inverter model candidate; datasheet parameters pending.
A136: MUST | B136: PV18 VPM | C136: PV18-5548 VPM | D136: single-phase | E136: 5500 | O136: 48 | Q136: model_only_needs_datasheet | R136: Hybrid inverter model candidate; datasheet parameters pending.
A137: MUST | B137: PV18 VPM | C137: PV18-6048 VPM | D137: single-phase | E137: 6000 | O137: 48 | Q137: model_only_needs_datasheet | R137: Hybrid inverter model candidate; datasheet parameters pending.
A138: MUST | B138: PV18 VHM | C138: PV18-3024 VHM | D138: single-phase | E138: 3000 | O138: 24 | Q138: model_only_needs_datasheet | R138: Hybrid inverter model candidate; datasheet parameters pending.
... A147: PowMr | B147: POW-HVM | C147: POW-HVM5.5K-48V-LIP | D147: single-phase | E147: 5500 | O147: 48 | Q147: model_only_needs_datasheet | R147: Model found in PowMr official catalog/manual references; datasheet parameters pending.
A148: PowMr | B148: POW-HVM | C148: POW-HVM5.5M | D148: single-phase | E148: 5500 | Q148: model_only_needs_datasheet | R148: Model found in PowMr official catalog/manual references; datasheet parameters pending.
A149: PowMr | B149: POW-HPM | C149: POW-HPM5.6KW | D149: single-phase | E149: 5600 | Q149: model_only_needs_datasheet | R149: Model found in PowMr official catalog/manual references; datasheet parameters pending.
A150: PowMr | B150: POW-SunSmart | C150: POW-SUNSMART-5.5KW-48V | D150: single-phase | E150: 5500 | O150: 48 | Q150: model_only_needs_datasheet | R150: Model found in PowMr official catalog/manual references; datasheet parameters pending.
A151: PowMr | B151: POW-SunSmart | C151: POW-SUNSMART-5.6KW-48V | D151: single-phase | E151: 5600 | O151: 48 | Q151: model_only_needs_datasheet | R151: Model found in PowMr official catalog/manual references; datasheet parameters pending.
A152: PowMr | B152: POW-VM | C152: POW-VM5K-III | D152: single-phase | E152: 5000 | Q152: model_only_needs_datasheet | R152: Model found in PowMr official catalog/manual references; datasheet parameters pending.
A153: PowMr | B153: POW-MAX | C153: POW-MAX-8KW | D153: single-phase | E153: 8000 | Q153: model_only_needs_datasheet | R153: Model found in PowMr official catalog/manual references; datasheet parameters pending.
A154: PowMr | B154: POW-SunSmart LVM | C154: POW-SunSmart LVM12K | D154: split-phase | E154: 12000 | O154: 48 | Q154: model_only_needs_datasheet | R154: Model found in PowMr official 110V hybrid inverter catalog; datasheet parameters pending.
A155: PowMr | B155: SOLXPOW X3 | C155: SOLXPOW X3-12K | D155: three-phase | E155: 12000 | Q155: model_only_needs_datasheet | R155: Model found in PowMr official 220V hybrid inverter catalog; datasheet parameters pending.
A156: PowMr | B156: SOLXPOW X3 | C156: SOLXPOW X3-20K | D156: three-phase | E156: 20000 | Q156: model_only_needs_datasheet | R156: Model found in PowMr official 220V hybrid inverter catalog; datasheet parameters pending.
A157: PowMr | B157: SOLXPOW X4 | C157: SOLXPOW X4-50K | D157: three-phase | E157: 50000 | Q157: model_only_needs_datasheet | R157: Model found in PowMr official 220V hybrid inverter catalog; datasheet parameters pending.
A158: Solis | B158: RHI 1P | C158: RHI-3K-48ES-5G | D158: single-phase | E158: 3000 | O158: 48 | Q158: model_only_needs_datasheet | R158: Hybrid inverter model candidate; datasheet parameters pending.
A159: Solis | B159: RHI 1P | C159: RHI-3.6K-48ES-5G | D159: single-phase | E159: 3600 | O159: 48 | Q159: model_only_needs_datasheet | R159: Hybrid inverter model candidate; datasheet parameters pending.
A160: Solis | B160: RHI 1P | C160: RHI-4.6K-48ES-5G | D160: single-phase | E160: 4600 | O160: 48 | Q160: model_only_needs_datasheet | R160: Hybrid inverter model candidate; datasheet parameters pending.
A161: Solis | B161: RHI 1P | C161: RHI-5K-48ES-5G | D161: single-phase | E161: 5000 | O161: 48 | Q161: model_only_needs_datasheet | R161: Hybrid inverter model candidate; datasheet parameters pending.
A162: Solis | B162: RHI 1P | C162: RHI-6K-48ES-5G | D162: single-phase | E162: 6000 | O162: 48 | Q162: model_only_needs_datasheet | R162: Hybrid inverter model candidate; datasheet parameters pending.
A163: Solis | B163: S5 EH1P | C163: S5-EH1P3K-L | D163: single-phase | E163: 3000 | Q163: model_only_needs_datasheet | R163: Hybrid inverter model candidate; datasheet parameters pending.
A164: Solis | B164: S5 EH1P | C164: S5-EH1P3.6K-L | D164: single-phase | E164: 3600 | Q164: model_only_needs_datasheet | R164: Hybrid inverter model candidate; datasheet parameters pending.
A165: Solis | B165: S5 EH1P | C165: S5-EH1P4.6K-L | D165: single-phase | E165: 4600 | Q165: model_only_needs_datasheet | R165: Hybrid inverter model candidate; datasheet parameters pending.
A166: Solis | B166: S5 EH1P | C166: S5-EH1P5K-L | D166: single-phase | E166: 5000 | Q166: model_only_needs_datasheet | R166: Hybrid inverter model candidate; datasheet parameters pending.
A167: Solis | B167: S5 EH1P | C167: S5-EH1P6K-L | D167: single-phase | E167: 6000 | Q167: model_only_needs_datasheet | R167: Hybrid inverter model candidate; datasheet parameters pending.
A168: Solis | B168: S6 EH1P | C168: S6-EH1P3K-L-EU | D168: single-phase | E168: 3000 | Q168: model_only_needs_datasheet | R168: Hybrid inverter model candidate; datasheet parameters pending.
A169: Solis | B169: S6 EH1P | C169: S6-EH1P3.6K-L-EU | D169: single-phase | E169: 3600 | Q169: model_only_needs_datasheet | R169: Hybrid inverter model candidate; datasheet parameters pending.
A170: Solis | B170: S6 EH1P | C170: S6-EH1P4.6K-L-EU | D170: single-phase | E170: 4600 | Q170: model_only_needs_datasheet | R170: Hybrid inverter model candidate; datasheet parameters pending.
A171: Solis | B171: S6 EH1P | C171: S6-EH1P5K-L-EU | D171: single-phase | E171: 5000 | Q171: model_only_needs_datasheet | R171: Hybrid inverter model candidate; datasheet parameters pending.
A172: Solis | B172: S6 EH1P | C172: S6-EH1P6K-L-EU | D172: single-phase | E172: 6000 | Q172: model_only_needs_datasheet | R172: Hybrid inverter model candidate; datasheet parameters pending.
A173: Solis | B173: S6 EH1P | C173: S6-EH1P8K-L-PRO | D173: single-phase | E173: 8000 | Q173: model_only_needs_datasheet | R173: Hybrid inverter model candidate; datasheet parameters pending.
A174: Solis | B174: S6 EH1P | C174: S6-EH1P10K-L-PRO | D174: single-phase | E174: 10000 | Q174: model_only_needs_datasheet | R174: Hybrid inverter model candidate; datasheet parameters pending.
... A185: Solis | B185: S6 EH3P | C185: S6-EH3P50K-H | D185: three-phase | E185: 50000 | Q185: model_only_needs_datasheet | R185: Hybrid inverter model candidate; datasheet parameters pending.

Sheet Panels
A1: brand | B1: series | C1: model | D1: power_stc_w | E1: vmp_stc_v | F1: imp_stc_a | G1: voc_stc_v | H1: isc_stc_a | I1: temp_coeff_pmax_pct_c | J1: temp_coeff_voc_pct_c | K1: temp_coeff_isc_pct_c | L1: module_length_mm | M1: module_width_mm | N1: module_depth_mm | O1: data_status | P1: notes
A2: Astronergy | B2: ASTRO N5 | C2: CHSM54N-HC-430 | D2: 430 | O2: model_only_needs_datasheet | P2: Panel catalog model; datasheet parameters pending.
A3: Astronergy | B3: ASTRO N5 | C3: CHSM54N-HC-435 | D3: 435 | O3: model_only_needs_datasheet | P3: Panel catalog model; datasheet parameters pending.
A4: Astronergy | B4: ASTRO N5 | C4: CHSM54N-HC-440 | D4: 440 | O4: model_only_needs_datasheet | P4: Panel catalog model; datasheet parameters pending.
A5: Astronergy | B5: ASTRO N7 | C5: CHSM72N(DG)/F-BH-570 | D5: 570 | O5: model_only_needs_datasheet | P5: Panel catalog model; datasheet parameters pending.
A6: Astronergy | B6: ASTRO N7 | C6: CHSM72N(DG)/F-BH-575 | D6: 575 | O6: model_only_needs_datasheet | P6: Panel catalog model; datasheet parameters pending.
A7: Astronergy | B7: ASTRO N7 | C7: CHSM72N(DG)/F-BH-580 | D7: 580 | O7: model_only_needs_datasheet | P7: Panel catalog model; datasheet parameters pending.
A8: Astronergy | B8: ASTRO N7 | C8: CHSM66N(DG)/F-BH-615 | D8: 615 | O8: model_only_needs_datasheet | P8: Panel catalog model; datasheet parameters pending.
A9: Astronergy | B9: ASTRO N7 | C9: CHSM66N(DG)/F-BH-620 | D9: 620 | O9: model_only_needs_datasheet | P9: Panel catalog model; datasheet parameters pending.
A10: JA Solar | B10: DeepBlue 3.0 | C10: JAM54S30-410/MR | D10: 410 | O10: model_only_needs_datasheet | P10: Panel catalog model; datasheet parameters pending.
A11: JA Solar | B11: DeepBlue 3.0 | C11: JAM54S30-415/MR | D11: 415 | O11: model_only_needs_datasheet | P11: Panel catalog model; datasheet parameters pending.
A12: JA Solar | B12: DeepBlue 3.0 | C12: JAM54S30-420/MR | D12: 420 | O12: model_only_needs_datasheet | P12: Panel catalog model; datasheet parameters pending.
A13: JA Solar | B13: DeepBlue 3.0 Pro | C13: JAM54D40-440/LB | D13: 440 | O13: model_only_needs_datasheet | P13: Panel catalog model; datasheet parameters pending.
... A28: Jinko | B28: Tiger Neo N-type 66HL4M | C28: JKM620N-66HL4M-V | D28: 620 | O28: model_only_needs_datasheet | P28: Panel catalog model; datasheet parameters pending.
A29: Jinko | B29: Tiger Neo N-type 72HL4 | C29: JKM565N-72HL4-V | D29: 565 | E29: 43.28 | F29: 13.06 | G29: 51.7 | H29: 13.86 | I29: -0.29 | J29: -0.25 | K29: 0.045 | L29: 2278 | M29: 1134 | N29: 30 | O29: seed_verify_datasheet | P29: Starter record for string sizing tests.
A30: Jinko | B30: Tiger Neo N-type 72HL4 | C30: JKM570N-72HL4-V | D30: 570 | E30: 43.52 | F30: 13.1 | G30: 51.89 | H30: 13.89 | I30: -0.29 | J30: -0.25 | K30: 0.045 | L30: 2278 | M30: 1134 | N30: 30 | O30: seed_verify_datasheet | P30: Starter record for string sizing tests.
A31: Jinko | B31: Tiger Neo N-type 72HL4 | C31: JKM575N-72HL4-V | D31: 575 | E31: 43.76 | F31: 13.14 | G31: 52.08 | H31: 13.92 | I31: -0.29 | J31: -0.25 | K31: 0.045 | L31: 2278 | M31: 1134 | N31: 30 | O31: seed_verify_datasheet | P31: Starter record for string sizing tests.
A32: Jinko | B32: Tiger Neo N-type 72HL4 | C32: JKM580N-72HL4-V | D32: 580 | E32: 43.99 | F32: 13.19 | G32: 52.27 | H32: 13.96 | I32: -0.29 | J32: -0.25 | K32: 0.045 | L32: 2278 | M32: 1134 | N32: 30 | O32: seed_verify_datasheet | P32: Starter record for string sizing tests.
A33: Jinko | B33: Tiger Neo N-type 72HL4 | C33: JKM585N-72HL4-V | D33: 585 | E33: 44.23 | F33: 13.23 | G33: 52.46 | H33: 14 | I33: -0.29 | J33: -0.25 | K33: 0.045 | L33: 2278 | M33: 1134 | N33: 30 | O33: seed_verify_datasheet | P33: Starter record for string sizing tests.
A34: LONGi | B34: Hi-MO 6 Explorer | C34: LR5-54HTH-425M | D34: 425 | O34: model_only_needs_datasheet | P34: Panel catalog model; datasheet parameters pending.
A35: LONGi | B35: Hi-MO 6 Explorer | C35: LR5-54HTH-430M | D35: 430 | O35: model_only_needs_datasheet | P35: Panel catalog model; datasheet parameters pending.
A36: LONGi | B36: Hi-MO 6 Explorer | C36: LR5-54HTH-435M | D36: 435 | O36: model_only_needs_datasheet | P36: Panel catalog model; datasheet parameters pending.
A37: LONGi | B37: Hi-MO 7 | C37: LR5-72HGD-585M | D37: 585 | O37: model_only_needs_datasheet | P37: Panel catalog model; datasheet parameters pending.
A38: LONGi | B38: Hi-MO 7 | C38: LR5-72HGD-590M | D38: 590 | O38: model_only_needs_datasheet | P38: Panel catalog model; datasheet parameters pending.
A39: LONGi | B39: Hi-MO 7 | C39: LR5-72HGD-595M | D39: 595 | O39: model_only_needs_datasheet | P39: Panel catalog model; datasheet parameters pending.
A40: LONGi | B40: Hi-MO X6 | C40: LR5-54HTB-430M | D40: 430 | O40: model_only_needs_datasheet | P40: Panel catalog model; datasheet parameters pending.
A41: LONGi | B41: Hi-MO X6 | C41: LR5-54HTB-435M | D41: 435 | O41: model_only_needs_datasheet | P41: Panel catalog model; datasheet parameters pending.
A42: LONGi | B42: Hi-MO 6 | C42: LR5-72HTH-565M | D42: 565 | E42: 42.94 | F42: 13.16 | G42: 51.21 | H42: 14.01 | I42: -0.29 | J42: -0.23 | K42: 0.05 | L42: 2278 | M42: 1134 | N42: 35 | O42: seed_verify_datasheet | P42: Starter record for string sizing tests.
A43: LONGi | B43: Hi-MO 6 | C43: LR5-72HTH-570M | D43: 570 | E43: 43.13 | F43: 13.22 | G43: 51.4 | H43: 14.07 | I43: -0.29 | J43: -0.23 | K43: 0.05 | L43: 2278 | M43: 1134 | N43: 35 | O43: seed_verify_datasheet | P43: Starter record for string sizing tests.
A44: LONGi | B44: Hi-MO 6 | C44: LR5-72HTH-575M | D44: 575 | E44: 43.32 | F44: 13.28 | G44: 51.59 | H44: 14.14 | I44: -0.29 | J44: -0.23 | K44: 0.05 | L44: 2278 | M44: 1134 | N44: 35 | O44: seed_verify_datasheet | P44: Starter record for string sizing tests.
A45: LONGi | B45: Hi-MO 6 | C45: LR5-72HTH-580M | D45: 580 | E45: 43.51 | F45: 13.34 | G45: 51.78 | H45: 14.2 | I45: -0.29 | J45: -0.23 | K45: 0.05 | L45: 2278 | M45: 1134 | N45: 35 | O45: seed_verify_datasheet | P45: Starter record for string sizing tests.
A46: LONGi | B46: Hi-MO 6 | C46: LR5-72HTH-585M | D46: 585 | E46: 43.7 | F46: 13.39 | G46: 51.97 | H46: 14.26 | I46: -0.29 | J46: -0.23 | K46: 0.05 | L46: 2278 | M46: 1134 | N46: 35 | O46: seed_verify_datasheet | P46: Starter record for string sizing tests.
A47: SunPro | B47: SPDG N-type | C47: SPDG430-N108M10 | D47: 430 | O47: model_only_needs_datasheet | P47: Panel catalog model; datasheet parameters pending.
A48: SunPro | B48: SPDG N-type | C48: SPDG435-N108M10 | D48: 435 | O48: model_only_needs_datasheet | P48: Panel catalog model; datasheet parameters pending.
A49: SunPro | B49: SPDG N-type | C49: SPDG440-N108M10 | D49: 440 | O49: model_only_needs_datasheet | P49: Panel catalog model; datasheet parameters pending.
A50: SunPro | B50: SPDG N-type | C50: SPDG570-N144M10 | D50: 570 | O50: model_only_needs_datasheet | P50: Panel catalog model; datasheet parameters pending.
A51: SunPro | B51: SPDG N-type | C51: SPDG575-N144M10 | D51: 575 | O51: model_only_needs_datasheet | P51: Panel catalog model; datasheet parameters pending.
A52: SunPro | B52: SPDG N-type | C52: SPDG580-N144M10 | D52: 580 | O52: model_only_needs_datasheet | P52: Panel catalog model; datasheet parameters pending.
A53: SunPro | B53: SPDG N-type | C53: SPDG585-N144M10 | D53: 585 | O53: model_only_needs_datasheet | P53: Panel catalog model; datasheet parameters pending.
A54: Trina | B54: Vertex S+ | C54: TSM-NEG9R.25-430 | D54: 430 | O54: model_only_needs_datasheet | P54: Panel catalog model; datasheet parameters pending.
A55: Trina | B55: Vertex S+ | C55: TSM-NEG9R.25-435 | D55: 435 | O55: model_only_needs_datasheet | P55: Panel catalog model; datasheet parameters pending.
A56: Trina | B56: Vertex S+ | C56: TSM-NEG9R.25-440 | D56: 440 | O56: model_only_needs_datasheet | P56: Panel catalog model; datasheet parameters pending.
A57: Trina | B57: Vertex N | C57: TSM-NEG18R.28-500 | D57: 500 | O57: model_only_needs_datasheet | P57: Panel catalog model; datasheet parameters pending.
A58: Trina | B58: Vertex N | C58: TSM-NEG18R.28-505 | D58: 505 | O58: model_only_needs_datasheet | P58: Panel catalog model; datasheet parameters pending.
... A73: Ulica | B73: UL N-type | C73: UL-580M-144HV | D73: 580 | O73: model_only_needs_datasheet | P73: Panel catalog model; datasheet parameters pending.

Sheet Batteries
A1: brand | B1: series | C1: model | D1: chemistry | E1: nominal_energy_kwh | F1: usable_energy_kwh | G1: nominal_voltage_v | H1: capacity_ah | I1: cycle_life_min | J1: cycle_life_max | K1: communication | L1: bms | M1: compatibility | N1: data_status | O1: notes
A2: Pylontech | B2: US Series | C2: US5000 | D2: LiFePO4 | E2: 4.8 | G2: 48 | I2: 6000 | J2: 8000 | K2: CAN/RS485 | L2: Integrated BMS | M2: Deye compatible | N2: seed_verify_datasheet | O2: User-listed premium battery; verify exact usable energy and protocol settings.
A3: Pylontech | B3: Force L2 | C3: Force L2 | D3: LiFePO4 | I3: 6000 | J3: 8000 | K3: CAN/RS485 | L3: Integrated BMS | M3: Deye compatible | N3: model_only_needs_datasheet | O3: User-listed premium low-voltage stack; datasheet parameters pending.
A4: Pylontech | B4: Force H2 | C4: Force H2 | D4: LiFePO4 | I4: 6000 | J4: 8000 | K4: CAN/RS485 | L4: Integrated BMS | M4: Deye compatible | N4: model_only_needs_datasheet | O4: User-listed premium high-voltage stack; datasheet parameters pending.
A5: Dyness | B5: BX Series | C5: BX51100 | D5: LiFePO4 | E5: 5.12 | G5: 51.2 | H5: 100 | K5: CAN/RS485 | L5: Integrated BMS | M5: Deye compatible | N5: seed_verify_datasheet | O5: User-listed value battery; verify exact cycle life and protocol settings.
A6: Dyness | B6: PowerRack | C6: PowerRack | D6: LiFePO4 | K6: CAN/RS485 | L6: Integrated BMS | M6: Deye compatible | N6: model_only_needs_datasheet | O6: User-listed rack battery series; datasheet parameters pending.
A7: Dyness | B7: Tower | C7: Tower | D7: LiFePO4 | K7: CAN/RS485 | L7: Integrated BMS | M7: Deye compatible | N7: model_only_needs_datasheet | O7: User-listed stack battery series; datasheet parameters pending.
A8: Deye ESS | B8: SE Series | C8: SE-G5.1 | D8: LiFePO4 | E8: 5.12 | G8: 51.2 | H8: 100 | K8: CAN/RS485 | L8: Deye BMS | M8: Deye native | N8: seed_verify_datasheet | O8: Deye ESS model; native protocol expected; verify datasheet.
A9: Deye ESS | B9: SE Series | C9: SE-F5 | D9: LiFePO4 | E9: 5.12 | G9: 51.2 | H9: 100 | K9: CAN/RS485 | L9: Deye BMS | M9: Deye native | N9: model_only_needs_datasheet | O9: Deye ESS model; datasheet parameters pending.
A10: Deye ESS | B10: RW Series | C10: RW-F16 | D10: LiFePO4 | E10: 16 | G10: 51.2 | K10: CAN/RS485 | L10: Deye BMS | M10: Deye native | N10: seed_verify_datasheet | O10: Deye ESS high-capacity model; verify exact energy and current limits.
A11: Gobel Power | B11: Rack/Wall | C11: Gobel Power 5.12kWh 51.2V 100Ah | D11: LiFePO4 | E11: 5.12 | G11: 51.2 | H11: 100 | K11: CAN/RS485 | L11: JK/PACE BMS | M11: Deye compatible | N11: model_only_needs_datasheet | O11: User-listed mid-segment supplier; often EVE Grade A+ cells.
A12: Gobel Power | B12: Rack/Wall | C12: Gobel Power 10.24kWh 51.2V 200Ah | D12: LiFePO4 | E12: 10.24 | G12: 51.2 | H12: 200 | K12: CAN/RS485 | L12: JK/PACE BMS | M12: Deye compatible | N12: model_only_needs_datasheet | O12: User-listed mid-segment supplier; datasheet parameters pending.
A13: GSL Energy | B13: Wall/Rack | C13: GSL 5.12kWh 51.2V 100Ah | D13: LiFePO4 | E13: 5.12 | G13: 51.2 | H13: 100 | K13: CAN/RS485 | L13: Integrated BMS | M13: Deye compatible | N13: model_only_needs_datasheet | O13: User-listed supplier; EVE/CATL cells reported by user.
A14: GSL Energy | B14: Wall/Rack | C14: GSL 10.24kWh 51.2V 200Ah | D14: LiFePO4 | E14: 10.24 | G14: 51.2 | H14: 200 | K14: CAN/RS485 | L14: Integrated BMS | M14: Deye compatible | N14: model_only_needs_datasheet | O14: User-listed supplier; datasheet parameters pending.
A15: Felicity ESS | B15: LPBA Series | C15: LPBA48100-OL | D15: LiFePO4 | E15: 5.12 | G15: 51.2 | H15: 100 | K15: CAN/RS485 | L15: Integrated BMS | M15: Deye compatible | N15: model_only_needs_datasheet | O15: Common Felicity low-voltage model candidate; datasheet parameters pending.
A16: Felicity ESS | B16: LPBF Series | C16: LPBF48100-M | D16: LiFePO4 | E16: 5.12 | G16: 51.2 | H16: 100 | K16: CAN/RS485 | L16: Integrated BMS | M16: Deye compatible | N16: model_only_needs_datasheet | O16: Common Felicity low-voltage model candidate; datasheet parameters pending.
A17: HinaESS | B17: Rack/Commercial | C17: HinaESS 5.12kWh 51.2V 100Ah | D17: LiFePO4 | E17: 5.12 | G17: 51.2 | H17: 100 | K17: CAN/RS485 | L17: Integrated BMS | M17: Deye compatible | N17: model_only_needs_datasheet | O17: User-listed commercial battery supplier; datasheet parameters pending.
A18: HinaESS | B18: Rack/Commercial | C18: HinaESS 10.24kWh 51.2V 200Ah | D18: LiFePO4 | E18: 10.24 | G18: 51.2 | H18: 200 | K18: CAN/RS485 | L18: Integrated BMS | M18: Deye compatible | N18: model_only_needs_datasheet | O18: User-listed commercial battery supplier; datasheet parameters pending.
A19: Basen Green | B19: Rack/Wall | C19: Basen Green 5.12kWh 51.2V 100Ah | D19: LiFePO4 | E19: 5.12 | G19: 51.2 | H19: 100 | K19: CAN/RS485 | L19: Integrated BMS | M19: Deye compatible | N19: model_only_needs_datasheet | O19: OEM battery candidate; datasheet parameters pending.
A20: Basen Green | B20: Rack/Wall | C20: Basen Green 10.24kWh 51.2V 200Ah | D20: LiFePO4 | E20: 10.24 | G20: 51.2 | H20: 200 | K20: CAN/RS485 | L20: Integrated BMS | M20: Deye compatible | N20: model_only_needs_datasheet | O20: OEM battery candidate; datasheet parameters pending.
A21: HTE | B21: Rack/Wall | C21: HTE 5.12kWh 51.2V 100Ah | D21: LiFePO4 | E21: 5.12 | G21: 51.2 | H21: 100 | K21: CAN/RS485 | L21: Integrated BMS | M21: Deye compatible | N21: model_only_needs_datasheet | O21: OEM battery candidate; datasheet parameters pending.
A22: SRNE ESS | B22: Rack/Wall | C22: SRNE ESS 5.12kWh 51.2V 100Ah | D22: LiFePO4 | E22: 5.12 | G22: 51.2 | H22: 100 | K22: CAN/RS485 | L22: Integrated BMS | M22: Deye compatible | N22: model_only_needs_datasheet | O22: OEM battery candidate; datasheet parameters pending.
... A25: EVE Energy ESS | B25: Rack/Wall | C25: EVE Energy ESS 5.12kWh 51.2V 100Ah | D25: LiFePO4 | E25: 5.12 | G25: 51.2 | H25: 100 | K25: CAN/RS485 | L25: Integrated BMS | M25: Deye compatible | N25: model_only_needs_datasheet | O25: OEM battery candidate; datasheet parameters pending.

Sheet Mounting
A1: Mounting quantity | B1: Value | C1: Unit | D1: Formula / meaning
A2: Roof type | B2: =Inputs!B11 | D2: From Inputs
A3: Total panels | B3: =Inputs!B12 | C3: pcs | D3: From Inputs
A4: Panels per row | B4: =Inputs!B13 | C4: pcs | D4: From Inputs
A5: Rows | B5: =ROUNDUP(B3/B4,0) | C5: rows | D5: Calculated from total panels and panels per row
A6: Rail lines | B6: =B5*2 | C6: pcs | D6: Two rail lines per row
A7: Estimated rail length | B7: =B3*Inputs!B15*2 | C7: m | D7: Total panels x rail length per panel x 2
A8: Rail joints | B8: =MAX(0,ROUNDUP(B7/Inputs!B14,0)-B6) | C8: pcs | D8: Estimated from rail length and stock length
A9: Reserve | B9: =Inputs!B16 | C9: % | D9: Extra quantity reserve
A10: Component | B10: Quantity | C10: Unit | D10: Notes
A11: Roof hooks / seam clamps | B11: =ROUNDUP((SUMIFS(MountingRules!D:D,MountingRules!A:A,B2,MountingRules!B:B,"Roof hook")+SUMIFS(MountingRules!D:D,MountingRules!A:A,B2,MountingRules!B:B,"Mini rail clamp"))*B3*(1+B9/100),0) | C11: pcs | D11: Hooks or seam clamps depending on roof type
A12: Mini-rails | B12: =ROUNDUP(SUMIFS(MountingRules!D:D,MountingRules!A:A,B2,MountingRules!B:B,"*Mini rail*")*B3*(1+B9/100),0) | C12: pcs | D12: Used for mini-rail roof systems
A13: Rails | B13: =ROUNDUP(B7/Inputs!B12*(1+B9/100),0) | C13: pcs | D13: Rail stock pieces
A14: Rail connectors | B14: =ROUNDUP(B8*2*(1+B9/100),0) | C14: pcs | D14: Usually two per rail joint
A15: End clamps | B15: =ROUNDUP(B5*4*(1+B9/100),0) | C15: pcs | D15: Four per row
A16: Middle clamps | B16: =ROUNDUP(MAX(0,(B3-B5)*2)*(1+B9/100),0) | C16: pcs | D16: Two per gap between panels in a row
A17: Bolt sets | B17: =ROUNDUP((SUMIFS(MountingRules!D:D,MountingRules!A:A,B2,MountingRules!B:B,"Bolt set")+SUMIFS(MountingRules!D:D,MountingRules!A:A,B2,MountingRules!B:B,"Self-drilling screw set"))*B3*(1+B9/100),0) | C17: pcs | D17: Fastener allowance
A18: Grounding clips | B18: =ROUNDUP(B3*(1+B9/100),0) | C18: pcs | D18: One per panel starter assumption
A19: Cable clips | B19: =ROUNDUP(B3*2*(1+B9/100),0) | C19: pcs | D19: Two per panel starter assumption

Sheet Equipment
A1: Category | B1: Item | C1: Quantity | D1: Unit | E1: Notes
A2: Inverter | B2: =Inputs!B3 | C2: 1 | D2: pcs | E2: Selected inverter
A3: Solar panels | B3: =Inputs!B4 | C3: =Inputs!B12 | D3: pcs | E3: Total panel quantity
A4: Battery | B4: =Inputs!B9 | C4: =Inputs!B10 | D4: pcs | E4: Selected battery quantity
A5: Battery energy | B5: =Inputs!B9&" total nominal energy" | C5: =Results!B29 | D5: kWh | E5: Total nominal battery energy
A6: Mounting | B6: Roof hooks / seam clamps | C6: =Mounting!B11 | D6: pcs | E6: From Mounting sheet
A7: Mounting | B7: Mini-rails | C7: =Mounting!B12 | D7: pcs | E7: From Mounting sheet
A8: Mounting | B8: Rails | C8: =Mounting!B13 | D8: pcs | E8: From Mounting sheet
A9: Mounting | B9: Rail connectors | C9: =Mounting!B14 | D9: pcs | E9: From Mounting sheet
A10: Mounting | B10: End clamps | C10: =Mounting!B15 | D10: pcs | E10: From Mounting sheet
A11: Mounting | B11: Middle clamps | C11: =Mounting!B16 | D11: pcs | E11: From Mounting sheet
A12: Mounting | B12: Bolt sets | C12: =Mounting!B17 | D12: pcs | E12: From Mounting sheet
A13: Mounting | B13: Grounding clips | C13: =Mounting!B18 | D13: pcs | E13: From Mounting sheet
A14: Mounting | B14: Cable clips | C14: =Mounting!B19 | D14: pcs | E14: From Mounting sheet
A15: Protection | B15: PV cable red | C15: =CableProtection!B2 | D15: m | E15: From CableProtection sheet
A16: Protection | B16: PV cable black | C16: =CableProtection!B3 | D16: m | E16: From CableProtection sheet
A17: Protection | B17: PE cable | C17: =CableProtection!B4 | D17: m | E17: From CableProtection sheet
A18: Protection | B18: DC string fuses | C18: =CableProtection!B5 | D18: pcs | E18: From CableProtection sheet
A19: Protection | B19: DC isolator | C19: =CableProtection!B6 | D19: pcs | E19: From CableProtection sheet
A20: Protection | B20: DC SPD Type 2 | C20: =CableProtection!B7 | D20: pcs | E20: From CableProtection sheet
A21: Protection | B21: AC breaker | C21: =CableProtection!B8 | D21: pcs | E21: From CableProtection sheet
A22: Protection | B22: AC SPD Type 2 | C22: =CableProtection!B9 | D22: pcs | E22: From CableProtection sheet
A23: Protection | B23: AC cable | C23: =CableProtection!B10 | D23: m | E23: From CableProtection sheet
A24: Protection | B24: Battery DC cable pair | C24: =CableProtection!B11 | D24: pair | E24: From CableProtection sheet
A25: Protection | B25: Battery fuse or breaker | C25: =CableProtection!B12 | D25: pcs | E25: From CableProtection sheet
A26: Sizing | B26: Recommended DC cable section | C26: =CableProtection!B15 | D26: mm2 | E26: Starter sizing; verify installation method
A27: Sizing | B27: DC voltage drop | C27: =CableProtection!B16 | D27: % | E27: Starter voltage-drop estimate
A28: Sizing | B28: Recommended AC cable section | C28: =CableProtection!B19 | D28: mm2 | E28: Starter sizing; verify installation method
A29: Sizing | B29: AC voltage drop | C29: =CableProtection!B20 | D29: % | E29: Starter voltage-drop estimate
A30: Sizing | B30: Recommended battery cable section | C30: =CableProtection!B24 | D30: mm2 | E30: Starter sizing; verify installation method
A31: Sizing | B31: Estimated battery current | C31: =CableProtection!B23 | D31: A | E31: Inverter power / battery voltage
A32: Sizing | B32: Cable derating factor | C32: =CableProtection!B30 | D32: factor | E32: Grouping x ambient derating
A33: Protection | B33: Recommended SPD type | C33: =CableProtection!B28 | E33: Starter selection; verify local standards
A34: Protection | B34: AC earthing system | C34: =CableProtection!B29 | E34: Selected earthing checklist
A35: Documentation | B35: Datasheet verification | C35: 1 | D35: task | E35: Required before commercial use

Sheet CableProtection
A1: Cable / Protection item | B1: Quantity | C1: Unit | D1: Formula / meaning
A2: PV cable red | B2: =Inputs!B17 | C2: m | D2: DC cable route length
A3: PV cable black | B3: =Inputs!B17 | C3: m | D3: DC cable route length
A4: PE cable | B4: =Inputs!B19 | C4: m | D4: Grounding route length
A5: DC string fuses | B5: =IF(Inputs!B8>1,Inputs!B8*2,0) | C5: pcs | D5: Used when strings per MPPT > 1
A6: DC isolator | B6: =1 | C6: pcs | D6: Starter quantity
A7: DC SPD Type 2 | B7: =1 | C7: pcs | D7: Starter quantity
A8: AC breaker | B8: =1 | C8: pcs | D8: Starter quantity; rating must be selected
A9: AC SPD Type 2 | B9: =1 | C9: pcs | D9: Starter quantity
A10: AC cable | B10: =Inputs!B18 | C10: m | D10: AC cable route length
A11: Battery DC cable pair | B11: =1 | C11: pair | D11: Starter quantity
A12: Battery fuse or breaker | B12: =1 | C12: pcs | D12: Starter quantity; rating must be selected
A13: Protection design status | B13: ="VERIFY" | D13: VERIFY until ratings and cable sections are selected
A15: Sizing result | B15: =MAX(4,LOOKUP((Results!B12*Inputs!B8)/B30,CableSizing!B:B,CableSizing!A:A)) | C15: Unit | D15: Formula / meaning
A16: Recommended DC cable section | B16: =ROUND(2*Inputs!B17*Results!B12*Inputs!B8*0.0175/(B15*Results!B17)*100,2) | C16: mm2 | D16: Based on PV operating current
A17: DC voltage drop | B17: =LOOKUP(INDEX(Panels!H:H,MATCH(Inputs!B4,Panels!C:C,0))*1.25,{0,16,20,25,32},{16,20,25,32,40}) | C17: % | D17: 2 x length x current x copper resistance / section / voltage
A18: Suggested DC fuse rating | B18: =ROUND(INDEX(Inverters!E:E,MATCH(Inputs!B3,Inverters!C:C,0))/IF(INDEX(Inverters!D:D,MATCH(Inputs!B3,Inverters!C:C,0))="three-phase",692.8,230),1) | C18: A | D18: Based on string short-circuit current
A19: Estimated AC current | B19: =MAX(2.5,LOOKUP(B18/B30,CableSizing!B:B,CableSizing!A:A)) | C19: A | D19: Based on inverter AC power and phase
A20: Recommended AC cable section | B20: =ROUND(IF(INDEX(Inverters!D:D,MATCH(Inputs!B3,Inverters!C:C,0))="three-phase",1.732*Inputs!B18*B18*0.0175/(B19*400)*100,2*Inputs!B18*B18*0.0175/(B19*230)*100),2) | C20: mm2 | D20: Based on estimated AC current
A21: AC voltage drop | B21: =LOOKUP(B18*1.25,{0,16,20,25,32,40,50,63,80,100,125,160},{16,20,25,32,40,50,63,80,100,125,160,200}) | C21: % | D21: Starter single/three-phase voltage-drop estimate
A22: Suggested AC breaker rating | C22: A | D22: Next common rating above AC current
A23: Estimated battery current | B23: =ROUND(INDEX(Inverters!E:E,MATCH(Inputs!B3,Inverters!C:C,0))/INDEX(Batteries!G:G,MATCH(Inputs!B9,Batteries!C:C,0)),1) | C23: A | D23: AC power / battery nominal voltage
A24: Recommended battery cable section | B24: =MAX(16,LOOKUP(B23/B30,CableSizing!B:B,CableSizing!A:A)) | C24: mm2 | D24: Based on estimated battery current
A25: Suggested battery breaker rating | B25: =LOOKUP(B23*1.25,{0,63,80,100,125,160,200,250},{63,80,100,125,160,200,250,315}) | C25: A | D25: Next common rating above battery current
A26: Sizing status | B26: ="VERIFY" | D26: VERIFY until local standards and datasheets are checked
A28: Advanced protection result | B28: =IF(Inputs!B23="External LPS","Type 1+2 DC/AC SPD",IF(Inputs!B23="Overhead supply","Type 1+2 AC SPD + Type 2 DC SPD",IF(Inputs!B23="Long outdoor DC route","Type 2 DC SPD near inverter and array","Type 2 DC/AC SPD"))) | C28: Unit | D28: Formula / meaning
A29: Recommended SPD type | B29: =Inputs!B24 | D29: Based on selected lightning protection condition
A30: AC earthing system | B30: =MAX(0.1,Inputs!B21*Inputs!B22) | D30: Selected earthing system checklist
A31: Combined cable derating factor | B31: =INDEX(CableSizing!B:B,MATCH(B15,CableSizing!A:A,0))*B30 | C31: factor | D31: Grouping derating x ambient derating
A32: Derated DC cable ampacity | B32: ="VERIFY" | C32: A | D32: Selected DC cable ampacity after derating
A33: Advanced protection status | D33: VERIFY until local standards are checked

Sheet CableSizing
A1: section_mm2 | B1: ampacity_a | C1: notes
A2: 1.5 | B2: 0 | C2: Lookup floor for low-current auxiliary AC circuits; verify installation method.
A3: 2.5 | B3: 25 | C3: Starter copper cable ampacity assumption; verify installation method.
A4: 4 | B4: 35 | C4: Starter copper cable ampacity assumption; verify installation method.
A5: 6 | B5: 50 | C5: Starter copper cable ampacity assumption; verify installation method.
A6: 10 | B6: 70 | C6: Starter copper cable ampacity assumption; verify installation method.
A7: 16 | B7: 90 | C7: Starter copper cable ampacity assumption; verify installation method.
A8: 25 | B8: 120 | C8: Starter copper cable ampacity assumption; verify installation method.
A9: 35 | B9: 150 | C9: Starter copper cable ampacity assumption; verify installation method.
A10: 50 | B10: 180 | C10: Starter copper cable ampacity assumption; verify installation method.
A11: 70 | B11: 230 | C11: Starter copper cable ampacity assumption; verify installation method.
A12: 95 | B12: 280 | C12: Starter copper cable ampacity assumption; verify installation method.
A13: 120 | B13: 330 | C13: Starter copper cable ampacity assumption; verify installation method.

Sheet ProtectionRules
A1: section_mm2 | B1: ampacity_a | C1: notes
A2: 1.5 | B2: 0 | C2: Lookup floor for low-current auxiliary AC circuits; verify installation method.
A3: 2.5 | B3: 25 | C3: Starter copper cable ampacity assumption; verify installation method.
A4: 4 | B4: 35 | C4: Starter copper cable ampacity assumption; verify installation method.
A5: 6 | B5: 50 | C5: Starter copper cable ampacity assumption; verify installation method.
A6: 10 | B6: 70 | C6: Starter copper cable ampacity assumption; verify installation method.
A7: 16 | B7: 90 | C7: Starter copper cable ampacity assumption; verify installation method.
A8: 25 | B8: 120 | C8: Starter copper cable ampacity assumption; verify installation method.
A9: 35 | B9: 150 | C9: Starter copper cable ampacity assumption; verify installation method.
A10: 50 | B10: 180 | C10: Starter copper cable ampacity assumption; verify installation method.
A11: 70 | B11: 230 | C11: Starter copper cable ampacity assumption; verify installation method.
A12: 95 | B12: 280 | C12: Starter copper cable ampacity assumption; verify installation method.
A13: 120 | B13: 330 | C13: Starter copper cable ampacity assumption; verify installation method.
A14: PV cable red | B14: DC cable | C14: 0 | D14: m | E14: user_input | F14: Positive DC cable length; user-defined route length.
A15: PV cable black | B15: DC cable | C15: 0 | D15: m | E15: user_input | F15: Negative DC cable length; user-defined route length.
A16: PE cable | B16: Grounding cable | C16: 0 | D16: m | E16: user_input | F16: Protective earth cable length; user-defined route length.
A17: DC string fuse | B17: DC protection | C17: 0 | D17: pcs | E17: strings_per_mppt_gt_1 | F17: Use when parallel strings are connected; verify by module Isc and local rules.
A18: DC isolator | B18: DC protection | C18: 1 | D18: pcs | E18: one_per_inverter | F18: DC isolator or switch-disconnector; verify inverter built-in equipment.
A19: DC SPD Type 2 | B19: DC protection | C19: 1 | D19: pcs | E19: one_per_array | F19: DC surge protection starter assumption.
A20: AC breaker | B20: AC protection | C20: 1 | D20: pcs | E20: one_per_inverter | F20: AC breaker rating must be selected by inverter output current and local rules.
A21: AC SPD Type 2 | B21: AC protection | C21: 1 | D21: pcs | E21: one_per_system | F21: AC surge protection starter assumption.
A22: AC cable | B22: AC cable | C22: 0 | D22: m | E22: user_input | F22: AC cable length; user-defined route length.
A23: Battery DC cable pair | B23: Battery cable | C23: 1 | D23: pair | E23: one_per_battery_stack | F23: Battery cable pair starter assumption.
A24: Battery fuse or breaker | B24: Battery protection | C24: 1 | D24: pcs | E24: one_per_battery_stack | F24: Battery protection must be selected by battery/inverter current.

Sheet SpdRules
A1: condition | B1: recommended_spd | C1: notes
A2: No external LPS | B2: Type 2 DC/AC SPD | C2: Starter residential/commercial assumption; verify risk assessment and local standards.
A3: External LPS | B3: Type 1+2 DC/AC SPD | C3: Use when building has external lightning protection system; verify coordination.
A4: Overhead supply | B4: Type 1+2 AC SPD | C4: Often required on AC side with overhead supply; verify utility and standards.
A5: Long outdoor DC route | B5: Type 2 DC SPD near inverter and array | C5: May require additional SPD placement; verify cable route and inverter manual.

Sheet EarthingRules
A1: earthing_system | B1: starter_requirement | C1: notes
A2: TN-S | B2: PE continuity and bonding check | C2: Verify PE conductor sizing | D2: equipotential bonding | E2: and SPD connection length.
A3: TN-C-S | B3: Separate PEN/PE handling check | C3: Verify local rules for PV connection | D3: bonding | E3: and SPD earthing.
A4: TT | B4: RCD and earth electrode check | C4: Verify electrode resistance | D4: RCD coordination | E4: and SPD discharge path.
A5: IT | B5: Special protection study required | C5: Do not use starter assumptions without engineering verification.

Sheet CableDerating
A1: factor_type | B1: option | C1: default_factor | D1: notes
A2: installation_method | B2: Open air | C2: 1 | D2: Starter assumption for ventilated cable routes; verify local tables.
A3: installation_method | B3: Conduit or trunking | C3: 0.85 | D3: Starter derating for enclosed routes; verify local tables.
A4: installation_method | B4: Thermal insulation | C4: 0.65 | D4: High derating risk; verify local tables.
A5: grouping | B5: Single circuit | C5: 1 | D5: No grouping derating applied.
A6: grouping | B6: Several circuits | C6: 0.8 | D6: Starter grouping derating; verify actual routing.
A7: temperature | B7: Standard ambient | C7: 1 | D7: Starter assumption.
A8: temperature | B8: High ambient | C8: 0.87 | D8: Starter derating for hot environments; verify cable rating.

Sheet MountingRules
A1: roof_type | B1: component | C1: base_qty | D1: qty_per_panel | E1: qty_per_row | F1: qty_per_joint | G1: qty_per_string | H1: qty_per_array | I1: rounding_unit | J1: notes
A2: Metal tile | B2: Roof hook | C2: 0 | D2: 4 | E2: 0 | F2: 0 | G2: 0 | H2: 0 | I2: 1 | J2: Use 4 hooks per panel as starter assumption; verify by rail span and wind zone.
A3: Metal tile | B3: Rail | C3: 0 | D3: 2 | E3: 0 | F3: 0 | G3: 0 | H3: 0 | I3: 1 | J3: Two rails per panel row equivalent; final length depends on module width and rail stock length.
A4: Metal tile | B4: Rail connector | C4: 0 | D4: 0 | E4: 0 | F4: 2 | G4: 0 | H4: 0 | I4: 1 | J4: Two connectors per rail joint.
A5: Metal tile | B5: End clamp | C5: 0 | D5: 0 | E5: 4 | F5: 0 | G5: 0 | H5: 0 | I5: 1 | J5: Four end clamps per row.
A6: Metal tile | B6: Middle clamp | C6: 0 | D6: 2 | E6: 0 | F6: 0 | G6: 0 | H6: 0 | I6: 1 | J6: Two middle clamps per gap between adjacent panels; formula handles gaps.
A7: Metal tile | B7: Bolt set | C7: 0 | D7: 4 | E7: 0 | F7: 0 | G7: 0 | H7: 0 | I7: 1 | J7: Starter one bolt set per hook.
A8: Metal tile | B8: Grounding clip | C8: 0 | D8: 1 | E8: 0 | F8: 0 | G8: 0 | H8: 0 | I8: 1 | J8: One grounding clip per module.
A9: Metal tile | B9: Cable clip | C9: 0 | D9: 2 | E9: 0 | F9: 0 | G9: 0 | H9: 0 | I9: 1 | J9: Two cable clips per module.
A10: Standing seam | B10: Mini rail clamp | C10: 0 | D10: 4 | E10: 0 | F10: 0 | G10: 0 | H10: 0 | I10: 1 | J10: Use seam clamps or mini-rail clamps; verify seam spacing and clamp approval.
A11: Standing seam | B11: Mini rail | C11: 0 | D11: 2 | E11: 0 | F11: 0 | G11: 0 | H11: 0 | I11: 1 | J11: Two mini-rail supports per module as starter assumption.
A12: Standing seam | B12: Rail connector | C12: 0 | D12: 0 | E12: 0 | F12: 2 | G12: 0 | H12: 0 | I12: 1 | J12: Only used when continuous rail is selected.
A13: Standing seam | B13: End clamp | C13: 0 | D13: 0 | E13: 4 | F13: 0 | G13: 0 | H13: 0 | I13: 1 | J13: Four end clamps per row.
... A33: Flat roof | B33: Cable clip | C33: 0 | D33: 2 | E33: 0 | F33: 0 | G33: 0 | H33: 0 | I33: 1 | J33: Two cable clips per module.

Sheet Compatibility
A1: Compatibility Matrix | B1: Status | C1: Reason | D1: Source
A2: Selected inverter | B2: =Inputs!B3 | D2: Inputs
A3: Selected panel | B3: =Inputs!B4 | D3: Inputs
A4: Selected battery | B4: =Inputs!B9 | D4: Inputs
A5: PV voltage/current | B5: =Results!B25 | C5: =IF(B5="PASS","PV voltage/current checks pass","PV voltage/current check failed") | D5: Results
A6: Battery compatibility | B6: =IF(ISNUMBER(SEARCH("Deye",Results!B30)),"PASS",IF(ISNUMBER(SEARCH("compatible",Results!B30)),"VERIFY","VERIFY")) | C6: =Results!B30 | D6: Batteries
A7: Data completeness | B7: =IF(OR(INDEX(Inverters!Q:Q,MATCH(B2,Inverters!C:C,0))="model_only_needs_datasheet",INDEX(Panels!O:O,MATCH(B3,Panels!C:C,0))="model_only_needs_datasheet",INDEX(Batteries!N:N,MATCH(B4,Batteries!C:C,0))="model_only_needs_datasheet"),"VERIFY","PASS") | C7: =IF(B7="VERIFY","One or more selected records need datasheet parameters","Selected records have starter or verified data") | D7: Databases
A8: Overall compatibility | B8: =IF(B5="FAIL","FAIL",IF(OR(B6="VERIFY",B7="VERIFY"),"VERIFY","PASS")) | C8: =IF(B8="PASS","Selected system is preliminarily compatible",IF(B8="FAIL","Selected system fails at least one electrical check","Selected system needs datasheet verification")) | D8: Combined result
A10: Check | B10: Status | C10: Reason | D10: Next action
A11: Cold Voc vs max PV voltage | B11: =Results!B23 | C11: =IF(B11="PASS","Cold string Voc is below inverter max PV voltage","Cold string Voc exceeds inverter max PV voltage") | D11: Adjust panels per string or inverter
A12: Hot Vmp vs MPPT range | B12: =Results!B22 | C12: =IF(B12="PASS","Hot string Vmp is inside MPPT range","Hot string Vmp is outside MPPT range") | D12: Adjust panels per string
A13: Panel current vs MPPT current | B13: =Results!B24 | C13: =IF(B13="PASS","Panel current is within MPPT current limit","Panel current exceeds MPPT current limit") | D13: Adjust strings per MPPT or inverter
A14: Battery protocol | B14: =B6 | C14: =Results!B30 | D14: Verify CAN/RS485 settings
A15: Required datasheet data | B15: =B7 | C15: =C7 | D15: Fill missing database fields
